﻿<krpano>
	<plugin name="gyro" devices="html5" keep="true"
		url="%SWFPATH%/plugins/gyro2.js"
        enabled="true"
        camroll="true"
        friction="0.0"
        touch_mode="full"
        sensor_mode="1"
        softstart="0.5"
        autocalibration="false"
        onavailable=""
        onunavailable=""
        onenable=""
        ondisable=""
	/>


	<!-- Combobox -->
	<include url="%SWFPATH%/plugins/combobox.xml" />

	<action name="comboboxexamples" autorun="onstart">
		loadscene(0);
	</action>


	<!-- mixed static/dynamic example - add items dynamically -->
	<combobox name="cbscenes" design="vtour" align="leftbottom" x="10" y="10" onloaded="add_scene_items();" />
	<action name="add_scene_items" scope="local">
		for(set(i,0), i LT scene.count, inc(i),
			caller.additem(calc('[img src=[dq]' + scene[get(i)].thumburl +  '[dq] style=[dq]border:1px solid rgba(255,255,255,0.5);width:48px;height:32px;vertical-align:middle;margin-right:8px;[dq]/] '+scene[get(i)].title), calc('loadscene('+i+',null,MERGE,BLEND(0.5))') );
		);
	</action>

	<!-- static example -->
	<combobox name="cbsettings" design="vtour" align="righttop" x="10" y="10" onchange="selectItemByName(0);">
		<item name="item0" caption="SETTINGS" />
		<item name="item1" caption="Drag Control"       onclick="set(control.mouse,drag); set(control.touch,drag);" />
		<item name="item2" caption="Move Control"       onclick="set(control.mouse,moveto); set(control.touch,moveto);" />
		<item name="item3" caption="Normal View"        onclick="cm_normal_view();" />
		<item name="item4" caption="Fisheye View"       onclick="cm_fisheye_view();" />
		<item name="item5" caption="Stereographic View" onclick="cm_stereographic_view();" />
		<item name="item6" caption="Architectural View" onclick="cm_architectural_view();" />
		<item name="item7" caption="Pannini View"       onclick="cm_pannini_view();" />
		<item name="item8" caption="Little Planet View" onclick="cm_littleplanet_view();" />
	</combobox>

	<!-- full dynamic example -->
	<action name="rebuild_design_selection" autorun="onstart" scope="local" args="design"  onchange="selectItemByName(0);">
		removeComboboxLayer(cbdesigns);
		addComboboxLayer(cbdesigns, get(design));
		set(layer[cbdesigns].align, 'center');
		layer[cbdesigns].additem('Select Combobox Design');
		for(set(i,0), i LT combobox_design.count, inc(i),
			layer[cbdesigns].additem( get(combobox_design[get(i)].name), calc('rebuild_design_selection(' + combobox_design[get(i)].name + ');')  );
		);
	</action>


	<!-- some custom example designs -->
	<combobox_design name="rounded" margin="3" open_close_speed="0.25">
		<style name="combobox_container_style"
			bgcolor="0xFFFFFF"
			bgalpha="0.95"
			bgborder="1 0xFFFFFF 0.5"
			bgroundedge="5"
			bgshadow="2 4 20 0x000000 0.5"
			/>
		<style name="combobox_marker_style"
			css="color:#999999;"
			bg="false"
			txtshadow=""
			/>
		<style name="combobox_item_style"
			css="color:#222222;"
			padding="4 4"
			bg="false"
			bgcolor="0xCCCCCC"
			bgalpha="1.0"
			bgroundedge="3"
			txtshadow=""
			onoveritem="set(css, 'color:#2277FF;');"
			onoutitem="set(css, 'color:#222222;');"
			/>
	</combobox_design>

	<combobox_design name="classic" margin="0" open_close_speed="0.25">
		<style name="combobox_container_style"
			bgcolor="0xFFFFFF"
			bgalpha="1.0"
			bgborder="2 0x333333 0.5"
			bgroundedge="0"
			bgshadow=""
			height="50"
			/>
		<style name="combobox_marker_style"
			css="color:#222222;"
			bg="false"
			txtshadow=""
			/>
		<style name="combobox_item_style"
			css="color:#222222;"
			padding="7"
			bg="false"
			bgcolor="0x777777"
			bgalpha="1.0"
			bgroundedge="0"
			txtshadow=""
			onoveritem="set(bg,true); set(css, 'color:#FFFFFF;');"
			onoutitem="set(bg,false); set(css, 'color:#222222;');"
			/>
	</combobox_design>
	
	<combobox_design name="glas" margin="2" open_close_speed="0.25">
		<style name="combobox_container_style"
			bgcolor="0xEEEEEE"
			bgalpha="0.5"
			bgborder="1 0x333333 0.5"
			bgroundedge="5"
			bgshadow="0 4 10 0x000000 0.3"
			height="50"
			/>
		<style name="combobox_marker_style"
			css="color:#222222;"
			alpha="0.7"
			bg="false"
			txtshadow=""
			/>
		<style name="combobox_item_style"
			css="color:#222222;"
			padding="4"
			bg="false"
			bgborder="1 0x333333 0.0"
			bgcolor="0xFFFFFF"
			bgalpha="1"
			bgroundedge="3"
			txtshadow="0 0 4 0xFFFFFF 1"
			onoveritem="set(bg,true); set(bgborder, '1 0x333333 0.5');"
			onoutitem="set(bg,false); set(bgborder, '1 0x333333 0.0');"
			/>
	</combobox_design>


	<!-- include a contextmenu with projections from an other example -->
	<include url="../animated-hotspots/contextmenu.xml" />


	<!-- use the panos/scenes from the corfu example -->
	<scene name="achilleion-hof-unten" title="Achilleion - Garden" thumburl="../demotour-corfu/panos/achilleion-hof-unten.tiles/thumb.jpg">
		<view hlookat="-1" vlookat="11" fov="120" />
		<preview url="../demotour-corfu/panos/achilleion-hof-unten.tiles/preview.jpg" />
		<image>
			<cube url="../demotour-corfu/panos/achilleion-hof-unten.tiles/mobile_%s.jpg" />
		</image>
	</scene>

	<scene name="canaldemure5" title="Canal d&#180;Amour" thumburl="../demotour-corfu/panos/canaldemure5.tiles/thumb.jpg">
		<view hlookat="-118" vlookat="4" fov="120" />
		<preview url="../demotour-corfu/panos/canaldemure5.tiles/preview.jpg" />
		<image>
			<cube url="../demotour-corfu/panos/canaldemure5.tiles/mobile_%s.jpg" />
		</image>
	</scene>

	<scene name="kalamaki-strand" title="Kalamaki Beach" thumburl="../demotour-corfu/panos/kalamaki-strand.tiles/thumb.jpg">
		<view hlookat="18" vlookat="1" fov="120" />
		<preview url="../demotour-corfu/panos/kalamaki-strand.tiles/preview.jpg" />
		<image>
			<cube url="../demotour-corfu/panos/kalamaki-strand.tiles/mobile_%s.jpg" />
		</image>
	</scene>

</krpano>
